{
  "cc/DebugTool.js": 1739138834147,
  "controller/View1.controller.js": 1739138834147,
  "controller/App.controller.js": 1739138834147,
  "cc/Server.js": 1739138834147,
  "model/models.js": 1739138834147,
  "manifest.json": 1739139010825,
  "Component.js": 1739138834147,
  "controller/View1-dbg.controller.js": 1739138834147,
  "controller/View1.controller.js.map": 1739139011509,
  "cc/DebugTool-dbg.js": 1739138834147,
  "cc/DebugTool.js.map": 1739139011420,
  "controller/App-dbg.controller.js": 1739138834147,
  "controller/App.controller.js.map": 1739139011859,
  "cc/Server-dbg.js": 1739138834147,
  "cc/Server.js.map": 1739139011685,
  "model/models-dbg.js": 1739138834147,
  "model/models.js.map": 1739139011695,
  "Component-dbg.js": 1739138834147,
  "Component.js.map": 1739139011745,
  "Component-preload.js": 1739139012364,
  "Component-preload.js.map": 1739139012364,
  "view/View1.view.xml": 1739138834147,
  "view/App.view.xml": 1739138834147,
  "css/style.css": 1739138834147,
  "cc/DebugTool.fragment.xml": 1739138834147,
  "index.html": 1739138834147
}