{
  "model/models-dbg.js": 1739305853814,
  "controller/View1.controller.js": 1739305853814,
  "controller/App.controller.js": 1739305853814,
  "cc/Server.js": 1739305853814,
  "cc/DebugTool.js": 1739305853814,
  "model/models.js": 1739305853814,
  "Component.js": 1739305853814,
  "manifest.json": 1739306058930,
  "model/models.js.map": 1739306059671,
  "controller/App-dbg.controller.js": 1739305853814,
  "controller/App.controller.js.map": 1739306060418,
  "cc/Server-dbg.js": 1739305853814,
  "cc/Server.js.map": 1739306060031,
  "cc/DebugTool-dbg.js": 1739305853814,
  "cc/DebugTool.js.map": 1739306060217,
  "controller/View1-dbg.controller.js": 1739305853814,
  "controller/View1.controller.js.map": 1739306060592,
  "Component-dbg.js": 1739305853814,
  "Component.js.map": 1739306060514,
  "Component-preload.js": 1739306061506,
  "Component-preload.js.map": 1739306061506,
  "view/View1.view.xml": 1739305853814,
  "view/App.view.xml": 1739305853814,
  "css/style.css": 1739305853814,
  "cc/DebugTool.fragment.xml": 1739305853814,
  "index.html": 1739305853814
}